Lista,Documento,Enlace
1,Documento A,https://drive.google.com/file/d/XXXX1/view
1,Documento B,https://drive.google.com/file/d/YYYY1/view
1,Documento C,https://drive.google.com/file/d/ZZZZ1/view
1,Documento C,https://drive.google.com/file/d/XXXX2/view
2,Documento B,https://drive.google.com/file/d/YYYY2/view
2,Documento C,https://drive.google.com/file/d/ZZZZ2/view
3,Documento A,https://drive.google.com/file/d/XXXX3/view
3,Documento B,https://drive.google.com/file/d/YYYY3/view
3,Documento C,https://drive.google.com/file/d/ZZZZ3/view
4,Documento A,https://drive.google.com/file/d/XXXX4/view
4,Documento B,https://drive.google.com/file/d/YYYY4/view
4,Documento C,https://drive.google.com/file/d/ZZZZ4/view
